MA_200,MA_22,MA_5,date,intercept,pm_22D_lag,pm_5D_lag,pm_68D_lag,set,y_val
0.5966177278129963,0.8621873617139055,0.9721119662162526,2016-06-01,0.3014790755920419,0.1902062722123461,0.5898665026333965,0.15008716764472874,1.0,pm_1D
0.8989041624943169,0.9780322942616118,0.991423747172937,2016-06-01,6.187733269296757e-51,0.008919367250404174,1.634974814833635e-60,0.0033246883500103724,1.0,pm_5D
0.31642962067802244,4.879672718357307e-05,1.1265303850548849e-05,2016-06-01,6.75563704865123e-60,7.833600433289232e-159,0.04625249574098398,0.47226963264183874,1.0,pm_22D
0.02471665174558826,3.8906425667144e-05,0.0003974365906470401,2016-06-02,3.3463539651529345e-40,0.00020710590993032273,3.2512792861971097e-31,0.05602148316474146,1.0,pm_1D
0.062311449946318834,0.007061099951395592,0.027265480722895835,2016-06-02,0.00842381485905775,0.3909978790137988,0.00019432992180801824,0.4976286127671652,1.0,pm_5D
0.06039551418535659,2.4791272301434184e-09,5.490179507098468e-11,2016-06-02,7.951590304906138e-55,9.881906037686457e-228,1.3105905038699403e-23,0.9502090649335408,1.0,pm_22D
0.3206117803510004,0.5074692672378153,0.3507150546309661,2016-06-03,1.0020834272147706e-76,0.6891666469432447,1.6078503616909244e-115,0.09368259869107987,1.0,pm_1D
0.07592250537774486,0.20781206781777567,0.46121825276577866,2016-06-03,2.2063416560979206e-11,0.3131358217103406,2.908098677870124e-19,5.3572636274782815e-05,1.0,pm_5D
0.0006616350987709281,0.00025557174470338735,3.1148336638577895e-06,2016-06-03,5.365082389804422e-79,8.67935121484641e-228,3.178399487536334e-90,1.4223969869389579e-05,1.0,pm_22D
1.1445461162594061e-07,8.28006081483225e-06,0.003927949936839101,2016-06-06,0.009618990502181726,8.410301023100763e-08,0.22914141957233025,2.6027221489717812e-17,1.0,pm_1D
4.317841052500323e-05,0.17225124349152945,0.006602287289575776,2016-06-06,7.847717500195598e-75,0.0007617197285293971,5.957656129107101e-59,2.799309936395515e-13,1.0,pm_5D
0.3601887727544236,5.277173073513112e-11,2.6228745579354533e-12,2016-06-06,4.02828092607262e-53,2.4271823809263595e-133,0.5742400863013535,0.0001642015185266078,1.0,pm_22D
0.998209048500424,0.008338999984950397,0.005001063610502629,2016-06-07,8.851328956792129e-12,2.2004654797718252e-08,4.581614463647285e-24,0.5329221404097021,1.0,pm_1D
0.0007811539363328513,0.0009189378992444133,0.014860413377259686,2016-06-07,3.833159450572848e-87,0.1659651547135199,7.089626960749245e-95,0.7546310122827846,1.0,pm_5D
2.582164940038047e-08,0.0023241502132609355,7.155360741333683e-07,2016-06-07,4.279559181098761e-126,8.809901857217904e-209,4.565602112092072e-06,0.9976763014739009,1.0,pm_22D
0.10037288976853243,0.7163027470710623,0.8760395977235694,2016-06-08,4.274455844385557e-09,6.890946913606993e-14,1.674855691498821e-24,0.14696766565837513,1.0,pm_1D
0.23579011791598328,0.07691331364958896,0.1332930244325427,2016-06-08,9.341981106626352e-89,0.08439639564573269,1.7282234235447374e-101,0.7305760682965767,1.0,pm_5D
0.0017522710334931196,0.0987824182357326,0.006077780696382603,2016-06-08,2.7994385707273703e-71,1.257295838536836e-145,0.019112403152112902,0.3809258684476967,1.0,pm_22D
0.9103271551754041,3.0415617511028496e-05,9.164212197588825e-06,2016-06-09,1.4120304964053717e-136,5.2406909660648236e-27,4.606676533200776e-83,1.752727221905653e-20,1.0,pm_1D
0.5691349947851797,3.2785278732025597e-07,1.3469224654045273e-07,2016-06-09,0.0017118344253709893,4.915240198944971e-39,1.1305961327901163e-06,3.541057689996055e-30,1.0,pm_5D
0.02705539448355768,1.3542736807433192e-08,1.455111908460206e-11,2016-06-09,2.234566974279425e-57,3.0820226281368465e-101,5.93308677961851e-36,3.316862126129542e-33,1.0,pm_22D
0.029209096932235813,0.3631710205962141,0.7711908522041454,2016-06-10,1.0337573526714051e-17,0.5399809613964763,1.0511104884686907e-20,0.0963205612513013,1.0,pm_1D
0.44550898113938986,0.5861150092856082,0.40192903361608723,2016-06-10,1.202332883151693e-09,0.7298680310440985,9.649024694037192e-11,0.41612133672223794,1.0,pm_5D
2.0852761118502873e-06,0.06219838209373716,0.000322513204969765,2016-06-10,4.090786317560025e-133,1.4410397839804343e-197,0.02123115621275076,0.014053349522576818,1.0,pm_22D
0.7328441532612764,0.15704078179956038,0.15035227782677366,2016-06-13,0.06103645171672577,0.40024427427757137,0.23729303582584846,0.27245165528882537,1.0,pm_1D
1.2410883096366673e-05,0.00018196413416945705,0.008366467462635339,2016-06-13,9.55545721177109e-137,0.9940001199010149,1.2812532660842942e-202,0.16104034933542916,1.0,pm_5D
0.004809649918080454,0.2831146597504374,0.8291734499934655,2016-06-13,2.72502379487464e-237,1.61353823218517e-194,5.151935775891249e-75,9.19365339962903e-07,1.0,pm_22D
0.6489279000994187,1.1534542324017577e-06,7.400449142729232e-08,2016-06-14,4.835980476332506e-87,1.623431259115043e-12,3.064974978965456e-58,3.8647634013271296e-06,1.0,pm_1D
0.09415603689040175,2.776922133347327e-06,2.000580769482605e-06,2016-06-14,0.9083435916518161,9.66203129492592e-22,0.00024264110851331464,2.3346837650331007e-13,1.0,pm_5D
0.03073310316985838,2.221684428532532e-15,1.8718193972688106e-16,2016-06-14,0.027496862091682422,3.6799696984510184e-98,3.460242909647166e-117,5.190573415636673e-12,1.0,pm_22D
0.47578545141919315,0.4875803002078112,0.2802588871835524,2016-06-15,0.5891422376291118,0.1827449150430978,0.9334659242370652,0.9912607231255238,1.0,pm_1D
0.3447500193130356,1.8729220823878263e-05,4.727028442637433e-06,2016-06-15,2.6896740240085616e-238,2.5709740585239864e-07,7.148200876391501e-218,0.16094880639742434,1.0,pm_5D
0.039083985566280365,0.031099206904773285,0.0014650471266133445,2016-06-15,1.4855997568909893e-116,3.699937686183887e-231,2.3735580049340735e-08,0.8915117703903315,1.0,pm_22D
0.0013194287713170208,0.5018676604725316,0.719086353897253,2016-06-16,3.8491056799065384e-14,3.77975482461713e-09,2.0754011298967662e-22,1.8890473886470425e-06,1.0,pm_1D
0.0022948196216410854,0.060146154590627054,0.26872110013650763,2016-06-16,6.762816793764616e-22,1.2775070087072298e-16,3.4879963617432045e-10,3.829068786169364e-08,1.0,pm_5D
1.673047454662534e-10,0.1584496691965429,0.5216074834808895,2016-06-16,1.0791066972693604e-182,7.86449671234314e-288,4.37261165859902e-05,0.00012149441278042108,1.0,pm_22D
0.0027229082011739313,1.639998582801991e-05,9.705408078662316e-05,2016-06-17,1.0702878980115374e-17,2.248687738773001e-16,0.0006124507668778264,1.736144044394156e-05,1.0,pm_1D
0.414132254309433,0.7043765588958,0.8855794750654428,2016-06-17,6.100192052611207e-65,1.4854379542728748e-23,4.331206309203861e-22,0.5443130722120841,1.0,pm_5D
0.004542850926792765,8.150226603200115e-05,3.464228219091662e-08,2016-06-17,3.913087434267148e-199,1.3672253462933424e-235,1.2443740629879277e-05,0.018558516365730422,1.0,pm_22D
0.6125306917548878,0.2623212315015268,0.25833845838604347,2016-06-20,0.4483345282726998,0.2074386466685169,0.31752811105358114,0.5852995570534476,1.0,pm_1D
0.19337816443457692,0.08024280122187223,0.10940641515235455,2016-06-20,3.3245673677554647e-60,0.02490631501835058,3.4463070439293592e-43,0.31597294226585465,1.0,pm_5D
0.021385910042783427,0.9184947663247902,0.36715711669073436,2016-06-20,5.891302916735482e-96,2.7960647759190964e-138,0.019173865903173933,0.10680005568632495,1.0,pm_22D
0.04152554199326742,0.1540117269413872,0.020168403427031495,2016-06-21,1.7793510849764998e-45,0.5658738745650318,3.7489598957971744e-32,0.9714523280635426,1.0,pm_1D
0.2721359940142925,0.16870190416385675,0.053370525099167565,2016-06-21,0.37708224631376,0.20786617536352986,0.11235303511684357,0.4938465100982782,1.0,pm_5D
3.955912581537127e-07,4.662776145906825e-19,2.6988208887266777e-18,2016-06-21,0.06671857693337467,7.850274152721455e-72,3.585063389969766e-20,0.015112914864065049,1.0,pm_22D
0.10662092094008582,1.6930820323469127e-06,3.409823868268433e-07,2016-06-22,1.639776130680439e-159,1.093357366615441e-08,2.748272499819787e-103,8.934808252314151e-10,1.0,pm_1D
0.3376415266878817,5.794790356611686e-07,2.572469121177126e-08,2016-06-22,8.1081730456307e-37,6.546830403369954e-14,5.670622748160393e-41,6.631130948860754e-11,1.0,pm_5D
0.05443938720291753,1.7224488050908805e-14,4.442047988486547e-17,2016-06-22,6.475085829296163e-14,1.1931383998461098e-101,4.2677111281012806e-110,3.33361499393196e-11,1.0,pm_22D
0.050743944992530224,0.07974765718592124,0.1543181756913984,2016-06-23,0.5674405298018149,7.947663134579349e-09,0.0009669187025195898,0.23642336234056502,1.0,pm_1D
3.9040129944333104e-05,0.623904372910862,0.4301069139727378,2016-06-23,6.207238456257345e-124,6.760056814645846e-05,1.8837595464013413e-134,0.0014283562279831896,1.0,pm_5D
7.903913085860514e-07,4.003860672231575e-12,2.918383686152534e-11,2016-06-23,2.003903745058036e-87,1.2149292778477655e-201,8.708042523057887e-06,0.009694758045722519,1.0,pm_22D
0.29396441822957164,0.009152719373393648,0.00048577659594730127,2016-06-24,3.0339985823711972e-21,0.8567978685513791,2.4971514323454907e-28,0.07012090155764059,1.0,pm_1D
0.037261812699945926,0.5546196082151437,0.15521174574603738,2016-06-24,6.778624347477263e-32,0.9871804050085446,9.273745312134175e-26,0.004874412680155476,1.0,pm_5D
0.01805740286406887,0.0003169590594053593,3.7382946083816023e-07,2016-06-24,1.2448960732536644e-35,4.422802857661888e-172,1.1153576637259087e-13,0.00022629528529831639,1.0,pm_22D
8.195042726198113e-05,0.008125974721611482,0.06866618010551107,2016-06-27,2.5947762677045127e-11,0.1278288211636369,3.4839911140124435e-07,0.025650558460427082,1.0,pm_1D
0.0164608550704042,0.09691271971915628,0.2428687695413471,2016-06-27,1.659583345050059e-77,0.17272093701546534,7.316541206399604e-62,0.2292762145582141,1.0,pm_5D
0.03251064907061104,0.24038444141462773,0.03189580937302472,2016-06-27,4.212996345014776e-71,1.3462161157539093e-111,1.8186825453701365e-09,0.8909228643793334,1.0,pm_22D
0.1305654609023584,0.1694178913678439,0.027305957750948455,2016-06-28,6.538664648680246e-10,0.00755972092833483,3.467317674373224e-07,0.9927012222722412,1.0,pm_1D
0.00012511804144354132,0.00010200338619761412,0.000699079212422536,2016-06-28,1.2764598070525409e-80,0.2277822825007865,1.705976141224895e-30,1.49907927234222e-13,1.0,pm_5D
0.014221751001449736,9.296825198467328e-07,4.37323894121154e-07,2016-06-28,2.023153009776717e-205,2.310382075322959e-236,3.0007468307870827e-20,8.217928039707023e-09,1.0,pm_22D
0.7700837764917076,0.7726362517228098,0.80137785239912,2016-06-29,0.00024554448451475096,0.7460959832335092,0.011200606222844472,0.9964879067279074,1.0,pm_1D
0.028840091451078943,0.00016618561455797898,0.0001693371300913496,2016-06-29,1.1942983264935302e-91,7.1598652613686845e-37,1.191191324187415e-52,2.9207382249385434e-06,1.0,pm_5D
0.02017650532663569,2.600971629117537e-09,2.0746424664214117e-10,2016-06-29,1.769761084652662e-63,2.0226315747086063e-66,4.236276776115826e-09,1.3710696727681033e-15,1.0,pm_22D
1.5823375756880222e-07,0.0023579877080693434,0.06914840237691441,2016-06-30,0.957096321648078,0.00029087323353770527,0.3456448158010871,0.09833693892187266,1.0,pm_1D
0.04881300627094664,0.2610298194185844,0.036315401709532825,2016-06-30,1.087383162964825e-101,2.3262040386668e-22,4.85459304730678e-52,0.6033207310941692,1.0,pm_5D
1.1070241574620279e-13,0.6047687992566255,0.0010623461118927265,2016-06-30,2.886136420037991e-253,1.8577503821591595e-282,0.09107598769291776,0.06613538957408892,1.0,pm_22D
4.5110536073143425e-09,0.0016327313347222609,0.1156504027824946,2016-07-01,0.008666226352428986,0.11489516540874548,6.6969302467955274e-06,4.163838496511964e-07,1.0,pm_1D
0.005590290863050637,0.0037339464925840167,7.3512424441082375e-06,2016-07-01,3.5175871901680397e-149,0.2179156751067886,4.530056582241876e-118,0.00497434140173691,1.0,pm_5D
0.705361108015787,0.05744947164451537,0.03396914490443769,2016-07-01,2.252483876278215e-124,1.1462179644247471e-166,0.15607883905136088,0.03674950131756785,1.0,pm_22D
0.0006996661132170069,0.6157475279865903,0.0518514707659033,2016-07-05,6.943261075386549e-05,1.607600867004328e-08,0.21047480004864683,0.0016589253146326623,1.0,pm_1D
0.6419483861056037,0.0010034228792228208,0.00016429170988949702,2016-07-05,5.59047685505851e-205,0.1481908287278802,1.9218188563837343e-190,0.23056724320191102,1.0,pm_5D
0.022431112255538246,5.030160459428366e-06,3.046523241774003e-10,2016-07-05,4.042935375276995e-81,1.7701561768592738e-117,2.7940570914012537e-10,2.0752206413032266e-05,1.0,pm_22D
0.008333062645684564,0.6786852055296357,0.1520268425549955,2016-07-06,3.0984354666179296e-06,0.34307874967334506,0.0005664372176732099,0.05929690880419021,1.0,pm_1D
0.1933246797275707,0.07696422666097358,0.1215331637570737,2016-07-06,4.7000341599616726e-183,4.265230085187206e-08,3.8530190612795557e-156,0.28788380768612193,1.0,pm_5D
0.7801094619316598,4.1762163921216496e-05,7.544403425298992e-07,2016-07-06,5.064906339360133e-72,2.4792335118574153e-147,0.256382598723193,0.8250024368428432,1.0,pm_22D
0.9419393991514734,0.0007181868772262728,8.345307264526863e-05,2016-07-07,0.0005249033087509496,2.1806613660715178e-88,1.7923403474553328e-10,2.617180305685355e-12,1.0,pm_1D
0.39031795840557104,0.6122030879945604,0.8036262790462649,2016-07-07,2.2090273205368833e-29,8.20601507973424e-36,4.584057965479019e-48,2.8539462319218137e-12,1.0,pm_5D
0.01916050099771463,0.002729988836379591,1.1795536191283995e-05,2016-07-07,1.486860999616438e-88,4.95148908215777e-111,4.906622181988643e-07,7.766598866699738e-06,1.0,pm_22D
0.5303625195565956,0.9045306396444477,0.9106909718967856,2016-07-08,4.286311910926655e-46,0.006982328270829523,1.1545579257288276e-45,0.6822343257382695,1.0,pm_1D
0.00039986828161631935,0.7311450803966302,0.09009858787137252,2016-07-08,3.299280940693544e-86,0.7652485933402284,5.5733054720701705e-80,0.02215876351455249,1.0,pm_5D
0.6319654700000037,0.11971045302263747,0.11553272779219116,2016-07-08,3.277591331695483e-212,6.1237162e-316,2.5337377356440482e-12,0.9130556216826367,1.0,pm_22D
0.926804828455822,0.8302492343789154,0.7471290523468118,2016-07-11,0.3470410299146093,0.4978299122754888,0.7879675001796691,0.020034670423576515,1.0,pm_1D
0.004604866030332603,0.0034803175116248884,0.020634314964408908,2016-07-11,1.2886091670237837e-121,0.00037932385582533577,2.264436792637296e-114,1.2625602412560116e-06,1.0,pm_5D
0.031903981179814564,0.9458964880845244,0.405238109950007,2016-07-11,1.0030080897163268e-127,7.009317532536624e-284,0.013026075687304102,0.05241481769626271,1.0,pm_22D
2.3450495488501263e-05,0.7115731553676738,0.3249578771645858,2016-07-12,0.00021777195270242312,5.2566798720877465e-09,0.17856810955205332,6.993735285973825e-10,1.0,pm_1D
7.378185467981842e-07,0.36329852425765685,0.5281887088153607,2016-07-12,1.8805826650456618e-84,2.109055762204818e-15,3.522769548055043e-100,2.009187980139688e-09,1.0,pm_5D
0.15711596749141093,0.4832856628931359,0.7663402562611594,2016-07-12,6.006751298915307e-56,8.91757292734669e-130,0.34476536479492925,0.002961337119868424,1.0,pm_22D
0.14246891635983697,2.2048876583217268e-08,4.3138651845662686e-11,2016-07-13,1.5167313685695242e-07,5.804616764804065e-64,0.1737948112735167,2.064623793085372e-09,1.0,pm_1D
0.0029005373710727753,0.0038139043003459177,4.335147307609924e-05,2016-07-13,2.7274725404159104e-91,4.7749645763343765e-61,4.916221804339154e-144,2.5166459784899792e-05,1.0,pm_5D
0.6581569885278061,2.479966064800738e-13,3.0473728138208366e-16,2016-07-13,1.3535189798369367e-17,9.0962823714455e-13,0.0001761771216823527,5.918836315343239e-16,1.0,pm_22D
0.36983914156671205,0.0002776588458867768,0.00032618924809391277,2016-07-14,2.1039147471810423e-30,6.378905168874476e-09,2.777731802929632e-16,0.09895522270681512,1.0,pm_1D
0.41181386778124107,0.05529364202982824,0.07098871956910043,2016-07-14,1.0635864534147705e-12,0.00018013546112848462,2.659245810710162e-25,0.215115670023704,1.0,pm_5D
0.27465826933438897,0.0005257413960537883,0.00012462637142423696,2016-07-14,4.505921210106153e-139,2.292425762410303e-208,0.05287157929895215,0.1508738078243535,1.0,pm_22D
0.3168994766606136,0.38955923748021437,0.4899331332369007,2016-07-15,0.14139913504814045,0.4157015847296044,0.14575428249445893,0.6820362749264883,1.0,pm_1D
0.0009509884433308118,0.686194794830038,0.3063766648010917,2016-07-15,2.3548155362114983e-48,9.105723613889204e-07,2.2354685143532707e-47,0.13635300688399676,1.0,pm_5D
0.04486509235356897,0.00044705794272322305,7.357131475985905e-05,2016-07-15,9.03345340296237e-267,2.2605634811183395e-201,7.851110856251174e-123,0.25563194820345664,1.0,pm_22D
0.3760469253516846,0.6811013166143489,0.5507272726084025,2016-07-18,0.026063582064471603,0.3248872565859532,0.026317490813886193,0.21854800483392717,1.0,pm_1D
0.16664123835397054,0.02282927204879036,0.009695318453020333,2016-07-18,1.4513814013339205e-160,0.8746439746403958,1.6586912829715414e-156,0.2853019136267064,1.0,pm_5D
0.2151383242160523,9.950712075761107e-09,1.2166460996710788e-09,2016-07-18,1.6416274799131437e-129,1.388647571274921e-279,0.00010625283878237084,0.0008146807622724025,1.0,pm_22D
0.1857980320038041,0.03393631057210146,0.014843006895174956,2016-07-19,9.058111588261011e-07,0.7191508010493393,3.5740732430640597e-07,0.25898400560672374,1.0,pm_1D
0.0018371110328474704,0.13678708890586844,0.029734108697379847,2016-07-19,6.997382157083017e-76,0.164018996505978,1.388687841639777e-65,0.25805004577345175,1.0,pm_5D
0.3516440445124517,7.169432911247836e-21,5.761746482738293e-22,2016-07-19,1.6674442248201e-33,4.135307571223895e-87,0.11687032028019011,1.5797462807774511e-13,1.0,pm_22D
0.004218753928244288,0.10900624255762525,0.3234159563790403,2016-07-20,0.0001404414813543166,0.8271099243280489,0.0021911348768853447,0.23578800656290685,1.0,pm_1D
0.04385707972691332,0.8344050139628534,0.8136712179936276,2016-07-20,2.479181473278601e-46,0.7405848254609162,2.8980416427643515e-44,0.6251991152585217,1.0,pm_5D
0.6661890967047854,2.030197560722763e-07,9.535065318483258e-08,2016-07-20,3.986426149785768e-99,9.78406228599719e-221,0.014307184385873757,0.1824101144820252,1.0,pm_22D
0.01649120683331232,0.14470415274338813,0.03893593754857513,2016-07-21,0.3891897812411005,0.02773763863292488,0.5101135684515601,0.21591305757780657,1.0,pm_1D
0.00015149804255877903,0.7495378481288746,0.5313002365968652,2016-07-21,5.597297336623408e-51,4.2033228620320596e-16,3.212777676123925e-31,0.18305976288491593,1.0,pm_5D
0.196736024441095,0.8936063751171899,0.6391144456187166,2016-07-21,3.803278744177456e-258,1.9566896149200796e-198,2.0441837723825003e-99,0.21621783830355856,1.0,pm_22D
0.5246383930044534,0.8310437756019211,0.972154782248117,2016-07-22,0.9564231499198482,0.16623441620122795,0.3933346383134373,0.9402172720048606,1.0,pm_1D
0.5710756833895559,0.5059012512253628,0.6273090891907331,2016-07-22,6.048322729085408e-161,0.049456822000045336,5.268535375772814e-153,0.8372180158253798,1.0,pm_5D
0.66499222038593,4.642860555823831e-10,2.3519321587480956e-10,2016-07-22,1.3201701116629702e-55,1.0520891262579654e-85,1.9159499858749917e-10,6.963969680764577e-16,1.0,pm_22D
0.11742315130332277,0.1621906682423085,0.059086779062557236,2016-07-25,0.9142859046418004,0.20852093215699474,0.7442337826802403,0.012747321357384359,1.0,pm_1D
0.12143156387635844,0.20364911157119905,0.07699542901182477,2016-07-25,1.1680796221062232e-114,0.3502037184606691,4.31581575157997e-104,0.06601100935511937,1.0,pm_5D
0.23350548111289296,0.1994638660760697,0.10029267760808151,2016-07-25,2.926801809503149e-64,3.865903835228864e-146,0.0033529329111996286,0.5204678812304807,1.0,pm_22D
0.5331041731974329,0.34363856813939697,0.4841205771774606,2016-07-26,5.216350023818142e-08,0.28332176557119315,1.9044847721074768e-08,0.2815298018280307,1.0,pm_1D
0.019223156087730914,0.7126461140783391,0.24039885708770536,2016-07-26,2.8068084951848145e-73,0.0033480181411066293,3.7808568741034367e-66,0.4653024507083743,1.0,pm_5D
0.24153987942391456,0.00021709217890578393,5.71015685358165e-05,2016-07-26,1.2333086538646528e-50,5.233043885226618e-94,8.419257637041361e-08,1.0104933530714416e-13,1.0,pm_22D
0.012718535321037743,0.9966553798941776,0.36161448707625776,2016-07-27,4.135554706484363e-05,0.16936677563509542,0.0022167933463084024,0.7936781797201733,1.0,pm_1D
0.13094084791629562,0.0923315489483221,0.027911381031809696,2016-07-27,6.700582806054208e-129,0.008658262938940757,2.745569307981961e-106,0.49162234283104744,1.0,pm_5D
0.01550472454400295,4.889979004233173e-07,4.926105741599188e-05,2016-07-27,2.7366076787525504e-112,3.7005255854846356e-164,2.520505847221689e-16,0.9959946656392357,1.0,pm_22D
0.4357930385263331,0.43227100873501556,0.5964552934475142,2016-07-28,0.9661332691263692,0.43454577699685293,0.9560309005026625,0.33876032137333834,1.0,pm_1D
0.9897233587361978,0.8085091578278168,0.8556321456101398,2016-07-28,7.687626165183299e-127,0.8573066006812766,9.923046747184721e-101,0.3925605135893274,1.0,pm_5D
0.0010696374003596465,0.002872538758490242,0.0946400006163918,2016-07-28,8.300024177915611e-93,2.1189612383496113e-184,0.23674942133065258,0.9163659065278291,1.0,pm_22D
0.5107115350732575,0.7287351478999835,0.5143654449538189,2016-07-29,0.1853307957894246,0.9729996263414781,0.14005375218018193,0.10192257486305062,1.0,pm_1D
0.43051241225361714,0.09459104023829827,0.04222795763941992,2016-07-29,1.9174878999434928e-193,0.3572006961925547,5.400967445132711e-155,0.5808720337420294,1.0,pm_5D
0.8653153732852363,0.000261545693259194,0.0002482816731788294,2016-07-29,7.045919253810033e-178,2.9539719223576116e-257,5.816829417323716e-05,1.6484797327177e-05,1.0,pm_22D
0.5426227654889144,0.20991533116883745,0.2841284538183195,2016-08-01,2.578523179584707e-06,0.000575967482979176,0.2555435512946746,0.11857135197942556,1.0,pm_1D
0.14327055555143076,0.15940286359712236,0.039215191317193275,2016-08-01,4.170264357821334e-291,0.015197977133767852,2.7163921602934624e-240,0.08274513487056005,1.0,pm_5D
0.0003180382620483919,2.490664222427365e-07,0.00021285813992670823,2016-08-01,5.484750975487772e-131,6.545525554374016e-117,2.357883959722049e-20,0.00015517779193790024,1.0,pm_22D
0.3681430107845437,0.10895980464345566,0.19927886813710366,2016-08-02,0.5738602788735241,0.0017652800584068487,0.08880142386006296,0.10459708553404778,1.0,pm_1D
0.37437642134984594,0.06418865635151402,0.11451498532829955,2016-08-02,2.2992239413721629e-94,0.006689296199559948,6.0728968334176125e-68,0.20339152380211886,1.0,pm_5D
0.05149458283838589,0.00047483985886578547,0.005428427064314059,2016-08-02,6.187507684474492e-126,5.053441430900301e-119,0.00040169191516194246,0.804930551194011,1.0,pm_22D
0.13014046414051242,0.7909889625151023,0.24473247814653326,2016-08-03,0.0026751962020876725,0.0655617153829185,0.0007248728043293522,0.6101088720315997,1.0,pm_1D
0.5570937284460322,0.005266288031142355,0.0007000692376556801,2016-08-03,1.2657983327997614e-124,0.5705507891535728,6.167075472398784e-81,0.6780555881532847,1.0,pm_5D
0.877674781727349,0.96186382886067,0.8920580056191667,2016-08-03,1.3470162479447888e-149,3.691002970856879e-167,0.3179835270602853,0.5847122501115681,1.0,pm_22D
0.5861255678846689,0.36455746186511806,0.18603286419230924,2016-08-04,0.13142098876987776,0.9248275388150005,0.8989281456706747,0.010192061329898264,1.0,pm_1D
0.5120402995302237,0.00427433764421443,0.0003443570646764528,2016-08-04,5.2699668007039386e-173,0.3499349783475493,1.0704455687041797e-109,0.09381178719127738,1.0,pm_5D
0.49864145758557943,0.8272293740859024,0.8604224240792191,2016-08-04,2.0767549444829454e-204,4.221239954002985e-236,0.12344149428143064,0.06775039443754069,1.0,pm_22D
0.0157538956056161,0.7292603758965799,0.06678945574499524,2016-08-05,6.714501623139827e-05,2.9177981992059776e-05,0.0806025012662017,0.024442020968613937,1.0,pm_1D
0.2500220062264052,0.21438558674860753,0.039749902142161245,2016-08-05,1.0277242580179497e-214,1.9733346278133907e-06,3.0358131034676823e-146,0.001564361997373983,1.0,pm_5D
0.541653375655698,0.4901860218235887,0.2523138727241856,2016-08-05,3.0262850842840065e-203,2.7921861730617317e-260,0.45669345751277146,5.596701055803871e-07,1.0,pm_22D
0.5660262106696883,0.7070650112184613,0.4091120455143391,2016-08-08,0.007507063967280656,0.6952654953150603,0.20420851075553553,0.6831087585013085,1.0,pm_1D
0.6517291069717287,0.24322371262987946,0.24701597065487746,2016-08-08,2.7729617589410274e-207,0.2927785331816693,7.010764931377422e-153,7.86165151566644e-05,1.0,pm_5D
0.503784800539568,0.028296894381643352,0.03914501097718692,2016-08-08,5.677350568147963e-65,9.443661380283645e-116,2.0196294586011838e-06,0.8678532499907824,1.0,pm_22D
0.5309128077937197,0.9563898729278396,0.7590373356910785,2016-08-09,0.008268923983364521,0.669945299369318,0.006113453692511208,0.40879415954272547,1.0,pm_1D
0.008601659434086811,2.433778559316778e-07,1.3218792276996898e-05,2016-08-09,1.813119748738965e-159,3.692173525221347e-57,7.558819778705381e-55,2.0265555017187165e-14,1.0,pm_5D
0.038917241455901266,9.271813427259353e-16,2.8082233255932395e-15,2016-08-09,1.242289136341025e-124,2.02186979360245e-97,0.46124713437949794,1.0684400750676492e-10,1.0,pm_22D
0.0933485572060329,0.0013784398038675554,0.006694716415858908,2016-08-10,9.193701028906285e-24,0.1590801900228786,4.390190729348144e-07,0.12682922386744172,1.0,pm_1D
0.009723938063649209,0.5718719253609008,0.0516005585674086,2016-08-10,4.408423869137341e-176,0.2689618187795482,1.1502039943867411e-153,0.007868338089626316,1.0,pm_5D
0.07205213279003288,9.775535868618073e-09,2.5393133729862936e-13,2016-08-10,2.827089884e-314,8.894130265031248e-236,0.011617045242064809,0.9185087706571531,1.0,pm_22D
0.007745548398565948,0.5223609658364905,0.5861454490754997,2016-08-11,0.0090102889483757,0.0005898837461906813,0.5460892428580105,0.3508696185102689,1.0,pm_1D
0.9851154880327055,0.9967101444102877,0.9731605340103383,2016-08-11,1.6022154539174321e-251,3.692105725329639e-06,1.2230540813694297e-214,2.9760956719216435e-07,1.0,pm_5D
0.004811653501756973,3.9689983080117616e-18,2.618084018826842e-27,2016-08-11,9.503315568457729e-133,4.059650331745781e-202,0.1959823642107969,0.17049596992190613,1.0,pm_22D
0.19735949215703597,0.874744286306331,0.44449434659243503,2016-08-12,4.3630343727437744e-83,4.816311331027847e-33,4.329396529007368e-115,0.2404774727675979,1.0,pm_1D
0.2459498161410574,0.09791969751091893,0.1820926445973723,2016-08-12,4.8141553691516855e-92,4.901352205919398e-17,5.896050058761767e-44,0.1141879074966351,1.0,pm_5D
0.4591298873305827,2.190226641934589e-32,2.301824997166148e-37,2016-08-12,1.035469598745252e-109,3.261353847898013e-117,0.09335091163072443,0.010938304977841536,1.0,pm_22D
0.0063630016870991285,0.007111542099226136,0.06410469169801687,2016-08-15,0.9292175565432648,0.0003833377694189061,0.14817790517946544,0.04864024891380231,1.0,pm_1D
0.4765997858886649,0.0066119879436361195,0.005381212885795224,2016-08-15,3.351999668422396e-74,1.2314915213188768e-05,4.4034463348359e-62,0.07074343248222015,1.0,pm_5D
0.4456232951637661,5.260581477103888e-24,2.679840369718365e-28,2016-08-15,1.4098790278572214e-15,2.08672314761474e-58,0.14148680048056408,0.023570453166640897,1.0,pm_22D
0.006392220294600537,0.0013135409978399064,0.00991874667794587,2016-08-16,1.4786731882939698e-31,0.695958566601381,1.5144225872298774e-29,0.0009710561891641341,1.0,pm_1D
0.00020706826954646087,0.37146400587193196,0.6422196860365244,2016-08-16,5.37583081411655e-86,0.7751351515629087,5.365374676990918e-66,0.0002977037639257749,1.0,pm_5D
0.18069652940347594,5.3742507534706005e-34,7.368795023637995e-40,2016-08-16,1.3978698280438646e-40,5.445825566474227e-113,0.6520387711545645,0.021589792247354984,1.0,pm_22D
0.1266741784835414,0.20317787442326773,0.04149819170562857,2016-08-17,0.4753709019840986,0.0005447639473743232,0.6933727825697513,0.5863372118102107,1.0,pm_1D
0.02307671244737741,1.1327443457153331e-05,2.9616126438329332e-05,2016-08-17,1.0708374297743224e-168,5.95463338331578e-17,2.5242410005462704e-165,0.02723218276187861,1.0,pm_5D
0.5410426444761973,2.946899141471056e-38,4.023048371592153e-47,2016-08-17,8.387741625806517e-42,9.91868250277232e-104,0.015619664746870723,0.0006668062724148497,1.0,pm_22D
0.4284398168164293,0.48711449458393774,0.2898785014573917,2016-08-18,0.17119921913267466,0.014754989601718267,0.582853406006337,0.14077895811720098,1.0,pm_1D
0.056777028935893245,0.6776052508401869,0.8632573371638945,2016-08-18,8.686116560544553e-109,0.00025500657203569714,2.4199740674859665e-114,0.4224648774431329,1.0,pm_5D
0.06800958530248027,2.0540586148405608e-25,1.2708349011199354e-29,2016-08-18,2.3302454241311855e-55,3.565866523434854e-110,7.671174505686236e-10,8.082807816073959e-05,1.0,pm_22D
0.6551643571736917,0.8710280352557862,0.7162935165751185,2016-08-19,0.07615123086859232,0.5371107521656984,0.03649365491141392,0.968655800542681,1.0,pm_1D
0.2619637220716345,0.26412341802193834,0.3690702389400212,2016-08-19,4.189172640213281e-196,0.008748271637420514,1.1920716912479287e-202,0.5225443885016362,1.0,pm_5D
0.8485679450939974,4.068841246414258e-14,2.5878138424162534e-18,2016-08-19,3.260042482546791e-62,5.35129293421112e-133,4.427168382645293e-09,0.004583932063144432,1.0,pm_22D
0.03283480030402546,0.17671259042571189,0.3997091862109188,2016-08-22,0.8432048198268213,2.4537844756709065e-10,0.5542715032912235,3.994313263346646e-08,1.0,pm_1D
0.7552641156141928,0.6032647237807459,0.6242650072593828,2016-08-22,3.51641482166998e-66,0.0003635264769901423,3.859477072863133e-71,0.00895789187298998,1.0,pm_5D
0.09141418793061236,1.6554060702948948e-19,1.9204838909689896e-23,2016-08-22,2.4209583272267134e-79,5.464529195976378e-140,1.2018413007811863e-21,4.310716303050331e-12,1.0,pm_22D
6.338378300585061e-05,0.0026035241085636176,0.033650090302034814,2016-08-23,0.501228508363968,0.5854161476550618,0.18785775661352877,0.5510198749922453,1.0,pm_1D
0.09369666960802916,0.00013203928245176527,8.798115006682957e-05,2016-08-23,3.853447459456508e-30,0.4681081441005739,4.778837788855487e-34,0.07473945659963895,1.0,pm_5D
6.128225740696114e-05,3.620045416410325e-28,6.412935999999215e-31,2016-08-23,9.427979743320995e-85,3.4534713198621157e-137,0.0001057992211701974,1.3808640964792556e-07,1.0,pm_22D
0.9164257682014203,0.34320827927792275,0.30011981630353607,2017-07-03,2.363364156796697e-05,0.02661783151699158,9.799563004730018e-08,5.323834535636687e-10,2.0,pm_1D
0.8279880682178273,0.014546713376151882,0.010785422089748527,2017-07-03,2.497611381287846e-188,0.025695046258240112,1.1284788168863898e-205,4.712524753722358e-06,2.0,pm_5D
0.5553111637892105,0.7132555496640046,0.7697636047366754,2017-07-03,2.1155469566319422e-175,8.254472093778143e-296,2.0067991000442416e-09,0.04082029190848817,2.0,pm_22D
0.011349434264561087,0.0010005692620822422,0.00015216424941993337,2017-07-05,6.174756219951168e-19,0.9228327787485714,1.0732328501858424e-23,0.06410717174617633,2.0,pm_1D
0.008600007738781208,0.3155250587527546,0.15034946730678625,2017-07-05,4.4357309466419e-89,6.272674393849995e-05,1.6672790973320272e-83,0.605711200559478,2.0,pm_5D
0.5714981538935249,3.427704410816052e-07,8.426902226927701e-08,2017-07-05,1.4970712693158077e-111,4.511134434078399e-224,0.8046009126847977,0.4549683292265685,2.0,pm_22D
0.6027731601296447,0.4605491338765555,0.5090942213452885,2017-07-06,0.005320170420038428,0.6059760432705419,0.09560378657247791,0.003108750943009813,2.0,pm_1D
0.3309594840409096,0.5431219608034996,0.4454084282250377,2017-07-06,1.6370975654842838e-144,0.7057430292533122,5.539771381895207e-132,0.1274385934189391,2.0,pm_5D
0.33638603428012415,0.026857226067968854,0.03405835855614292,2017-07-06,2.6755167458366756e-133,3.1483521249912357e-227,7.163353116007195e-05,0.02009733641390691,2.0,pm_22D
0.2778849584555457,0.6418550003368921,0.49032115773605156,2017-07-07,0.4287567667389106,0.7081647513210781,0.19515104024259733,4.794730928423141e-07,2.0,pm_1D
0.016815540102400515,0.3913822829339352,0.672621636115658,2017-07-07,7.432684859739616e-156,0.8067002915325201,1.0125680759002343e-132,6.4455154278810406e-12,2.0,pm_5D
0.0020009321711820472,0.00030609875294323677,0.0011976488756979364,2017-07-07,4.695476329005623e-172,5.5560038612688726e-294,0.203909825247114,1.6022401057818076e-12,2.0,pm_22D
0.0016368061155921415,0.41332383391510685,0.7997783091208953,2017-07-10,0.7886766428449714,0.00026833505745829195,0.01994666644140376,0.395569152222785,2.0,pm_1D
0.0018132438674103254,0.2694591227973971,0.5565965395995984,2017-07-10,4.875077392891924e-185,0.09687872604504442,5.842399794631022e-168,0.9370253086329474,2.0,pm_5D
0.047421656899924725,0.0007390338141639752,7.037282344769684e-05,2017-07-10,1.359378689126544e-128,7.172912987776444e-265,0.5933627968324822,4.2063509909486305e-05,2.0,pm_22D
0.18851167318301693,0.7624493000234357,0.9536936795249166,2017-07-11,0.5779195615968531,0.006655238577287814,0.03416771265046543,0.9720231065274704,2.0,pm_1D
0.018798327237892647,0.24667541656672543,0.4620116781963256,2017-07-11,4.8976848673649805e-146,1.1780382728672695e-09,2.7900586822879896e-139,1.1102642189260644e-10,2.0,pm_5D
0.13423640009353063,0.02219815233557798,0.028917109241466725,2017-07-11,1.901212061072352e-139,1.2090183802304994e-248,0.025780180739118624,0.19189183959989514,2.0,pm_22D
0.02980850653282999,0.03719059414411911,0.0692695022555771,2017-07-12,0.3178421611474575,0.622436221593517,0.6507136574000505,0.2976144444631633,2.0,pm_1D
0.009946249440334813,7.939033362252119e-09,4.384610278086774e-09,2017-07-12,3.082096525546259e-143,0.005851326660742626,3.502518983758844e-129,0.08005122641284444,2.0,pm_5D
0.004742065187858063,0.040778644650959754,0.10922547051445325,2017-07-12,2.471124732023563e-181,9.497685189421341e-242,9.678742744771076e-14,2.7738129926439697e-08,2.0,pm_22D
0.7246817420126812,0.4504475460912992,0.4495344100980315,2017-07-13,0.7251498792566891,0.7657094506587884,0.2545351752055288,0.000906119839154638,2.0,pm_1D
0.021972604723440883,0.0007401255428202567,0.0010161719300218722,2017-07-13,9.796478699885157e-159,0.7756513993489279,6.25675152558528e-150,4.2559879389983586e-05,2.0,pm_5D
0.4928812492668556,0.12031250020441085,0.054832152158301076,2017-07-13,5.337990398735499e-170,6.473013522623846e-260,0.0029323349899079655,0.15673592279960116,2.0,pm_22D
0.20357010909184484,0.7155186989265114,0.4749117516675828,2017-07-14,0.794687154929921,0.1504775648238097,0.03652447912203807,0.023175118758734414,2.0,pm_1D
0.06833661172936395,0.1694316363407514,0.2526237284369868,2017-07-14,1.622122749123163e-231,0.9637343996149716,1.0774206637533477e-224,4.176673880151139e-09,2.0,pm_5D
0.04625303190041646,3.441078201781502e-05,2.4292047841986714e-05,2017-07-14,2.3370321321384957e-207,3.0629720481069147e-296,0.0958826292402577,0.0001830363628759747,2.0,pm_22D
0.016399839522174907,0.002374039237046011,0.004065698004265978,2017-07-17,0.050271648690597616,0.13414769466218296,0.17340600962034536,0.04741352121092931,2.0,pm_1D
0.04537893730833113,0.6065032158150914,0.8945216982410673,2017-07-17,9.454536488596058e-185,0.28443505218472065,1.2691628971313396e-179,0.3608819556168168,2.0,pm_5D
0.03287418813319753,1.906710894720148e-09,5.106278065118876e-10,2017-07-17,3.1083239008496433e-239,1.5198023188835123e-297,3.088410598718095e-19,0.36033109378457995,2.0,pm_22D
0.8487868664323593,0.3534879729538759,0.2936038518606404,2017-07-18,6.196651826728685e-08,0.9634353083526876,5.694510965053771e-06,0.037831376226583564,2.0,pm_1D
0.17061860252308772,0.40032608910033063,0.5028300103558044,2017-07-18,4.281154352367369e-136,0.5142589206130834,8.405582325800883e-126,0.0988650094573867,2.0,pm_5D
0.4470299792690231,0.10139507119462662,0.0510536937711192,2017-07-18,4.652929293708891e-245,0.0,5.2126449550432124e-14,0.8210271354940271,2.0,pm_22D
0.2139531581890214,0.04875642002862495,0.057387077996373485,2017-07-19,0.01999541206669985,0.008239618699822445,3.747906037161334e-05,0.10335528586888455,2.0,pm_1D
0.028320759546931865,0.20863407711576265,0.33557234935627844,2017-07-19,8.501014189743181e-143,0.3269995066342575,6.922261029363102e-137,0.31401626591697573,2.0,pm_5D
0.0485286250751524,2.4510682843640492e-05,2.442018225072748e-05,2017-07-19,2.9033618201933225e-165,2.8170348924860366e-287,8.897995328445057e-06,0.3268267333570848,2.0,pm_22D
0.5420616828443647,0.12656895230787635,0.08235937950569798,2017-07-20,0.08652911980945803,0.721014898565532,0.07174394741339687,0.27860976879632626,2.0,pm_1D
0.5275604637448963,0.12392612144191228,0.08009356595947527,2017-07-20,7.1158672136501e-141,0.0898145831507592,1.8359714300869967e-134,0.0012622418834491314,2.0,pm_5D
0.12464700521271364,3.161025028067079e-05,3.172683475454956e-05,2017-07-20,3.282018904717769e-162,6.094683911871035e-269,3.939806449356718e-06,0.08398342509180085,2.0,pm_22D
0.5345458966628234,0.546158688918798,0.6565212627973234,2017-07-21,0.43399781145559413,0.14930028977714382,0.5666254533775275,0.03283590989289422,2.0,pm_1D
0.6748851698770649,0.05258533382324139,0.04239878982071766,2017-07-21,2.09465356752447e-141,0.2620447663030873,2.642534692961975e-134,0.0037098595318232896,2.0,pm_5D
0.9380100982060516,0.0003249101215609157,0.00014528933605525185,2017-07-21,1.1620972733495533e-169,0.0,0.010589379259373404,0.8303481266080156,2.0,pm_22D
0.09554904227063125,0.11821089494197282,0.16992977925248962,2017-07-24,0.7651315067948419,0.043445498417248325,0.14867485661037033,0.00020495209819217084,2.0,pm_1D
0.017499959441003597,0.00014711618291128308,0.000329523040215582,2017-07-24,5.804899298435166e-172,0.005285657593635878,3.1821792942277095e-156,0.11162721188123034,2.0,pm_5D
0.6971909633819178,0.0009825490310230245,0.00069603730869283,2017-07-24,6.112261783509307e-119,2.3359444799989036e-271,0.24480172737257894,0.07885654066953528,2.0,pm_22D
0.1974871183709783,0.8627203950404516,0.6754455612799133,2017-07-25,9.345808644452221e-05,0.15798849902222645,4.460360943067999e-05,0.09966075767613093,2.0,pm_1D
0.9754331198462058,0.04273844116026282,0.02839739452107552,2017-07-25,9.527924372681837e-125,0.6139423210842783,2.535149816456242e-123,0.10341797317475677,2.0,pm_5D
0.017618694699959064,3.5928830870042315e-05,5.3812151443716535e-05,2017-07-25,2.392776523692317e-131,1.2810466177339717e-305,0.7579044474266227,0.36095301396136636,2.0,pm_22D
0.3539286520145909,0.2947834038431599,0.18357502666004624,2017-07-26,0.06403785426236981,0.0562257545656335,0.37400204713825136,0.7510276907000079,2.0,pm_1D
0.0012646550759464355,6.766881791647376e-05,0.00013829186567530143,2017-07-26,2.1798970105467955e-117,0.14715140169999447,7.155834574211966e-120,0.11925636645207557,2.0,pm_5D
0.5854425964695906,0.004951750035437849,0.002435862658879964,2017-07-26,3.2743993536142256e-135,1.4767517352942153e-285,0.011754164171831961,0.38113496730555585,2.0,pm_22D
0.2124581551423836,0.8659161745573769,0.6563350569434303,2017-07-27,0.9299370809181707,0.2372644505905439,0.8567254945443995,0.018406049106657586,2.0,pm_1D
0.9496331342532599,0.21570049786354806,0.16319533889384996,2017-07-27,3.10552774329475e-110,0.0062893687536628,5.183799402453924e-106,0.017850365159165466,2.0,pm_5D
0.005340398992449028,0.009819457842997228,0.017105057624489273,2017-07-27,2.896940433157996e-126,2.8455273229372515e-256,0.026090649605148494,0.24941811486828677,2.0,pm_22D
0.010163327612052223,0.17393589056041528,0.31113216600333593,2017-07-28,0.11748914199512042,0.598172421899696,0.32230900529920414,0.562967128437903,2.0,pm_1D
9.902064817266208e-05,6.562285756480904e-05,0.00012105305929843368,2017-07-28,2.5296687953350577e-131,0.013075389244024176,1.1035268628282241e-117,0.012017754548712544,2.0,pm_5D
0.09574777908824292,0.9696920931953968,0.7324407061836482,2017-07-28,4.42328979595452e-121,7.158596563397733e-235,0.20685214619275355,0.07183816423574381,2.0,pm_22D
0.019592700876667982,0.03323145734619485,0.050934217723112456,2017-07-31,0.22885944310533862,0.7151775553170248,0.4173661985388776,0.9347061121393665,2.0,pm_1D
0.2411280031335373,0.9583462768877824,0.8327359019946085,2017-07-31,1.039444422002011e-220,0.7540539878044248,1.980254149203291e-206,0.004566162390076878,2.0,pm_5D
3.4035534181000025e-06,7.792071688709916e-07,2.1793686735361117e-06,2017-07-31,2.863422691701621e-206,5.370931254524295e-261,5.224303503409485e-11,0.402208181035006,2.0,pm_22D
0.5154300546260892,0.2823054158790679,0.2676612967157046,2017-08-01,0.009082637531539012,0.05534600927150549,0.22241265233539156,0.6527412600256268,2.0,pm_1D
0.8498493258680803,0.90813732217768,0.8771992194849465,2017-08-01,7.35700593762634e-164,0.11129522597307023,5.641268858859859e-148,0.0012099248824580509,2.0,pm_5D
0.10368171328510525,0.0011803116218809177,0.0005820087015641014,2017-08-01,2.0178876931206357e-161,3.031059038549944e-223,0.3243352966360771,6.792222793922472e-07,2.0,pm_22D
0.765228368399584,0.7395975182179186,0.7696001247114237,2017-08-02,0.8778067646716957,0.9005298842536145,0.9899743703682621,0.7072315955675219,2.0,pm_1D
0.9535024991503968,0.28118159986155733,0.2346371961100807,2017-08-02,6.688839091230302e-132,0.8729452470765026,2.038653725575826e-116,0.729933173987779,2.0,pm_5D
0.5986432576854633,0.14992159268556204,0.12991576799982463,2017-08-02,1.2403961548641602e-158,1.4994017634447789e-254,0.007268290912405596,0.7239797273150468,2.0,pm_22D
0.7809366695511558,0.7233388489245314,0.7481597476676289,2017-08-03,0.7482917778928264,0.3032419853931232,0.5974548537978805,8.607065299393224e-05,2.0,pm_1D
0.020815221481362712,0.005465910049088343,0.009249013255155366,2017-08-03,6.382333182741857e-117,0.9217330948517866,2.9630171249939584e-92,0.00033522490305090246,2.0,pm_5D
0.2151895182918576,0.1263103198394836,0.13846540514397318,2017-08-03,2.7992703666729007e-137,1.4614590121025353e-160,0.4192009483887047,4.442829240913649e-14,2.0,pm_22D
0.4920149065636762,0.586530230832589,0.667749771086919,2017-08-04,0.0081092181325287,0.00024027941825151676,0.5017554986513575,0.43573360978206965,2.0,pm_1D
0.5603030033365868,0.0014585732021877614,0.00022783509871150792,2017-08-04,6.817184512570211e-153,0.49036706235238015,1.7854917950318642e-124,0.8999496858367946,2.0,pm_5D
2.8686685431999104e-09,4.126398382167323e-11,1.654479878316106e-09,2017-08-04,6.643957080790683e-153,8.987331874103255e-190,0.13045157547257832,0.6410243837812993,2.0,pm_22D
0.04512053938796694,0.5483947251421182,0.8147444395456185,2017-08-07,0.6079759517757806,0.0033691211699614634,0.06029915707903413,0.05125801720678046,2.0,pm_1D
0.0005748628687318082,0.00022652158851992705,0.000752200743633426,2017-08-07,1.108097470232292e-186,0.013199888190525,1.1330417239289015e-146,0.1746972073008382,2.0,pm_5D
0.45038994990185754,0.00449757394772551,0.0026696810828233594,2017-08-07,2.0414956285306403e-185,3.650827060921824e-248,0.8912513561915176,0.13984481924388495,2.0,pm_22D
0.07751232870610822,0.4870686689185595,0.72415699869917,2017-08-08,0.0022657781863738894,0.28853849942036025,0.0001743754609566453,0.21796994517336366,2.0,pm_1D
0.22706823864183523,0.8549271644070221,0.9244238781110499,2017-08-08,6.575121054306302e-180,0.41912906992921506,8.528656963598754e-135,0.9838051589388527,2.0,pm_5D
0.12071630625730799,1.876353207606177e-06,3.5916716187629045e-07,2017-08-08,3.1594248464017863e-220,2.07692332936897e-230,0.36116228051974064,0.27247052825840573,2.0,pm_22D
0.014326313910123468,0.047667330838441824,0.09048958124824727,2017-08-09,0.2179363357868755,0.024313995413906237,0.18815466060485275,0.6586665675406437,2.0,pm_1D
0.47228401093574146,0.5005591467111339,0.5438363518148397,2017-08-09,2.741247035101516e-177,0.1956534022105792,1.6595473337677588e-113,0.8100621908420118,2.0,pm_5D
2.3900639356189356e-07,1.405027028791509e-13,2.869100949306383e-13,2017-08-09,1.1183330030303166e-191,2.210725194306736e-227,1.4349323993776961e-06,0.07138640480630891,2.0,pm_22D
0.0014915634394675572,0.04709331879320769,0.14800520715132454,2017-08-10,0.9684087816366267,0.88787998935257,0.26537794573987233,0.7506850683328139,2.0,pm_1D
0.16299253398273147,0.24805705623590066,0.07543566367679035,2017-08-10,2.055113272069915e-186,0.5207133633556525,1.0061662868966548e-119,0.7822708614939681,2.0,pm_5D
1.7859539111612754e-06,5.149770748423814e-10,1.5159239612147668e-09,2017-08-10,9.142508041447666e-190,1.9817137289210087e-234,0.0003802692788143854,0.32077875378744497,2.0,pm_22D
0.23000734731485786,0.16528595427767118,0.1885407964475606,2017-08-11,0.9084072034761628,0.4755947312085851,0.3759052004489576,0.13279998049858371,2.0,pm_1D
0.011148489424575357,0.0004765968520748576,0.0006070659666360275,2017-08-11,1.4871225260833043e-220,0.11591628445061943,3.2492093612683865e-140,0.019218829381092876,2.0,pm_5D
0.0003216880072550842,8.20468574727593e-09,3.7135846790568752e-09,2017-08-11,2.154192139656734e-191,2.8046628456725087e-221,3.2947197934502715e-10,0.08946828072559275,2.0,pm_22D
0.004684719053027929,0.06576411674999774,0.15952915724840944,2017-08-14,0.657324011424892,0.8001726377752724,0.9460775872502689,0.08239964352012942,2.0,pm_1D
0.3016536211797441,0.0678204308579811,0.05385364987362345,2017-08-14,1.072080859376964e-129,0.0007094298018578917,3.453185448421269e-96,0.8330040901239356,2.0,pm_5D
0.17424744525446415,0.0009005509757402902,0.00026803986153662093,2017-08-14,5.405376803541656e-170,1.1630343743238095e-193,9.48369672711744e-08,8.565704829925085e-05,2.0,pm_22D
0.00023045569198785974,0.00013917915957056042,0.0003986080511807138,2017-08-15,0.05546817562177736,0.07826442446701626,0.6876037893064634,0.07059651764466723,2.0,pm_1D
0.11302477579248282,0.006393713673844549,0.004548434726558517,2017-08-15,1.9656510276240463e-118,0.3193918279397666,7.746335667761744e-90,0.0640562982649164,2.0,pm_5D
0.3288764960135683,0.00245802666156813,0.0006331166802066537,2017-08-15,4.83133179230135e-172,1.431897344642532e-203,3.516639143488967e-08,0.00524185773604398,2.0,pm_22D
0.0543067612970107,0.5710642943158254,0.8614215669638432,2017-08-16,0.0018442687691013035,0.5945690348669699,0.08216611779080568,0.018502506677291957,2.0,pm_1D
0.003044409990744571,7.388798106745032e-05,7.562506955048414e-05,2017-08-16,1.7829357108192138e-158,0.10932447135150472,5.393289833277688e-132,0.5685031944595826,2.0,pm_5D
0.009909993463273389,1.2680534969209957e-06,2.4615627846786545e-07,2017-08-16,1.0563271471269488e-193,2.1892649793721683e-226,3.140979039289041e-20,0.05921334668652464,2.0,pm_22D
0.05139358144631996,0.00653239755479408,0.006124987176168563,2017-08-17,0.02064328789850453,0.10636128024969127,0.26092967656797567,0.040923252360446374,2.0,pm_1D
0.00036469678622182784,0.0007194222244679826,0.0020123953148716467,2017-08-17,1.1907934013807737e-185,0.0028471781684775385,1.8562314947328835e-158,0.9632980859106488,2.0,pm_5D
1.851971310227424e-05,1.2017433534019904e-13,9.093052069638566e-15,2017-08-17,3.2799609353383715e-124,5.530063838738748e-200,7.780960356064876e-06,0.2572565807700769,2.0,pm_22D
0.1467999262956598,0.4993226438481958,0.6290106947360311,2017-08-18,0.6994372856056622,0.1808813951472289,0.1634381111099669,0.19377127381156029,2.0,pm_1D
0.0759377849251302,0.12418663529145804,0.15690661343093015,2017-08-18,2.4034620334669313e-154,0.7503404953085255,3.9126368390701376e-138,0.1969985677175029,2.0,pm_5D
4.37167754044623e-06,4.868837086610078e-13,8.349748071673744e-14,2017-08-18,6.855667755620835e-92,1.1341431066261226e-133,8.146689548796943e-09,1.883010077098892e-05,2.0,pm_22D
0.9000317978177212,0.48495129596223585,0.4380454679934659,2017-08-21,0.268617143004078,0.008318834213814413,0.5373647850780344,0.29144929597058705,2.0,pm_1D
0.26558233799408054,0.8898842688775427,0.9423566044816294,2017-08-21,1.8320905558699368e-145,0.00826355681815571,1.949145467066379e-120,0.8728305886961464,2.0,pm_5D
0.0011003020569024867,5.157348846425964e-08,1.4147253699001753e-08,2017-08-21,3.718092394031978e-118,5.3868511303944644e-179,1.7144927494948955e-08,0.001178028441480962,2.0,pm_22D
0.0050552954271025,0.019521487847169696,0.033992003501461705,2017-08-22,0.0010561704731672538,0.457216256893784,0.01311121632909351,0.28601141910641326,2.0,pm_1D
0.13688370670002267,0.02952307841702112,0.027368217185549656,2017-08-22,1.5322087691771294e-160,0.947056975774724,2.691963000359401e-145,0.5639177782509683,2.0,pm_5D
0.06154220786848526,3.443215287897034e-06,7.837242313205163e-07,2017-08-22,1.0660797636282158e-98,4.55996714222086e-186,0.001515067736494614,0.044601892381156596,2.0,pm_22D
0.02030431196496035,0.543558057102409,0.7763644191887487,2017-08-23,0.17727985722865328,0.25768768846434476,0.22272389277778123,0.0927055196777586,2.0,pm_1D
0.00018248467727362874,0.06108088505126528,0.14398455563388562,2017-08-23,1.2387683271664344e-143,0.2481596685724123,1.1547860352652643e-137,0.00522868992171717,2.0,pm_5D
0.007157659640818957,9.399346742486995e-10,1.1564717446838737e-10,2017-08-23,1.9062358788329305e-74,1.082676578281321e-166,0.0003587396565070422,0.2490996488431581,2.0,pm_22D
0.09582819106029174,0.25962035682331236,0.3120367072568608,2017-08-24,0.33932223479307855,0.014235786756830224,0.13222938611476825,0.02335043015437127,2.0,pm_1D
0.0013746762317377338,0.0001157574675721491,0.0001418322428016626,2017-08-24,6.932192740243284e-174,0.00014744481543736175,9.110219729013442e-176,5.297379188077043e-06,2.0,pm_5D
0.013361350922885056,3.073020661274956e-08,6.959144693088049e-09,2017-08-24,1.970521069511389e-102,8.672363482088194e-170,4.2712091450107887e-11,4.468880159874766e-08,2.0,pm_22D
0.45892441018904695,0.1899761598223699,0.17978570408894445,2017-08-25,0.029697417552544167,0.0017082098326812992,0.024980662335856246,3.2979186253170856e-05,2.0,pm_1D
0.3221135402266203,0.03169620853788703,0.027292685896921076,2017-08-25,2.6262130237248852e-145,0.002809027988372433,1.0097441873990466e-144,0.19131512592450445,2.0,pm_5D
0.03815969765777724,2.0248950560085298e-06,9.577533697102427e-07,2017-08-25,2.860402185521263e-87,1.3169651010821172e-191,0.06690645315220863,0.7199477197881696,2.0,pm_22D
0.5289712699778051,0.06154843843887624,0.049654137171740394,2017-08-28,0.04724522586608998,0.34333116374161166,0.06556495006061239,0.02485010578853911,2.0,pm_1D
0.012248601160557109,0.0005262374252371701,0.0005688017329377136,2017-08-28,6.480979525072201e-153,0.09533637973405262,2.914265900964125e-160,0.586050460088561,2.0,pm_5D
0.5317046839353144,3.845789419158231e-05,1.0542811085624779e-05,2017-08-28,1.4011713995206797e-82,3.567399035972479e-170,0.0015677180754354138,0.07142164839367028,2.0,pm_22D
0.3886617719129044,0.9822018848359049,0.9365346833985365,2017-08-29,0.3995017882271238,0.27869785737139924,0.581090854535407,0.6525246120242295,2.0,pm_1D
0.12948776035585535,0.013681083174174548,0.013971872347328404,2017-08-29,1.0576230424907784e-177,1.4276788834816368e-05,3.738080764143292e-175,0.004640920134299623,2.0,pm_5D
0.0071432461974261265,2.6935757098267258e-09,1.7679632242248924e-09,2017-08-29,4.35431533515884e-96,6.86715631438376e-206,0.04825106293525882,0.5878657430060912,2.0,pm_22D
0.39309288755527205,0.45494858306066976,0.4915253643445038,2017-08-30,0.002204669215051263,0.0009421747532296135,0.04908496807857755,0.01068482929692536,2.0,pm_1D
0.12886645019815562,0.24325766384965652,0.1551931711923008,2017-08-30,1.9528997277082397e-132,0.032090630553482394,1.67496009854757e-134,0.0027476226301210516,2.0,pm_5D
0.5224974113420036,5.750638068202226e-08,1.5899480878177895e-08,2017-08-30,1.2299070003027791e-107,8.591497354272054e-220,0.005963912016963753,0.6306514388197618,2.0,pm_22D
0.6716731237409131,0.9019246461157251,0.8444841821693844,2017-08-31,0.004287364787125727,0.155592162197862,0.00012869851370530438,0.6164689619153076,2.0,pm_1D
0.9931622475609162,0.009046592231348877,0.007419376391674728,2017-08-31,5.365459153656147e-189,0.5715435465192109,1.498262942290958e-192,0.47688594457877476,2.0,pm_5D
0.6359510714433287,5.5390517060801915e-08,1.2101239001825307e-08,2017-08-31,2.9430541170541013e-103,7.371929739632752e-204,1.9649987791844072e-08,0.14411952100477546,2.0,pm_22D
0.31758652348909056,0.17523527216567766,0.19673662916854553,2017-09-01,0.0070920811078569014,0.005454789326937383,0.10636319207796958,0.035410089943905314,2.0,pm_1D
0.16918862237223337,0.0007660335832711011,0.0010266441040515672,2017-09-01,1.7846989487437468e-160,0.02991801719271408,4.166654086585013e-164,0.000949155526736412,2.0,pm_5D
0.048104518569157165,0.0007107699752427795,0.00021136904829665648,2017-09-01,4.0607583861122496e-98,1.6385145917150656e-191,2.5705958201124933e-06,0.8380925682897955,2.0,pm_22D
0.458345038452898,0.9520019534143865,0.8713450113604032,2017-09-05,2.126426133931888e-05,0.0021252390879007875,0.00014629912570828616,1.4079477348686918e-06,2.0,pm_1D
0.20685692914812925,0.05737336298918641,0.08193292623135998,2017-09-05,7.173676254845918e-162,0.00029447670206992304,5.04800469048754e-162,3.2383988528103e-08,2.0,pm_5D
0.4916676076709535,8.60835853676988e-15,2.8639168255223403e-15,2017-09-05,7.503569728883869e-109,3.961593706880775e-187,1.0454749787961436e-14,1.4125934962567638e-05,2.0,pm_22D
0.7177034997869911,0.0077415306396147405,0.008002889655727269,2017-09-06,0.8796108629996153,0.3946137352954424,0.9934676244391436,0.2201186827576714,2.0,pm_1D
0.9494436537471673,0.0035123408612643013,0.003179066887983179,2017-09-06,1.0920908463912345e-186,0.49379301167211764,4.6306685205479466e-185,0.05623567735526216,2.0,pm_5D
0.006351216864639701,5.579803518710432e-06,8.224485818532916e-07,2017-09-06,1.2296550609450524e-127,1.5004751048612793e-223,0.00010249673280748433,0.1859400721422458,2.0,pm_22D
0.0628469025445921,0.8917769875127454,0.9113603260077952,2017-09-07,3.377995740629283e-08,0.030174926794852605,0.00015435258817087603,0.04644932295032245,2.0,pm_1D
0.17451804690631245,0.007257664385395887,0.011443558583164645,2017-09-07,1.063975683128283e-169,0.0072423009260111065,2.7252956377652453e-160,0.09886974881659613,2.0,pm_5D
0.01777817824985156,7.593342301448832e-11,8.351153526073674e-12,2017-09-07,6.454781825656028e-105,2.8147150567581656e-145,1.1620629096981043e-18,0.003395304034761191,2.0,pm_22D
0.6665188146628953,0.8134196730406671,0.7881976953713086,2017-09-08,6.349792781986401e-12,0.6810426955159942,1.6691525689579491e-09,0.7190466385500557,2.0,pm_1D
0.7774726549263757,0.004589176741428462,0.0040820261290438154,2017-09-08,1.0818298569267076e-181,0.48134416637120103,9.371280714176469e-160,0.7133477540716662,2.0,pm_5D
0.8601397805782968,2.624008836905063e-06,2.499598302863989e-06,2017-09-08,1.492058335975235e-132,1.2707481377411512e-180,0.013491837769403927,0.20954201394096822,2.0,pm_22D
0.01663324700789182,0.21218897594460553,0.3387950207024707,2017-09-11,0.009910650395710499,0.01068305778650426,0.8730472070422907,0.12810005501992502,2.0,pm_1D
0.1286539314599147,3.5244677272174114e-08,9.095357263890806e-08,2017-09-11,1.194330697025884e-188,3.0643102792771366e-06,1.1052050903209056e-161,0.0006198239083052832,2.0,pm_5D
0.00852785909513909,7.0472850113115965e-06,1.3537350255110317e-06,2017-09-11,1.0556780216521679e-125,6.621846956694512e-189,0.01228817270966092,0.07777608260161828,2.0,pm_22D
0.944614888949194,0.1354653732387631,0.1309777560759344,2017-09-12,0.002006344800623108,1.3355834489407385e-05,0.5021085015075158,0.08521273661044572,2.0,pm_1D
0.4213658097881673,0.012887806400037144,0.01389706269093099,2017-09-12,3.799343137133744e-122,3.096866171656705e-05,1.87126869427437e-120,0.12342978262558829,2.0,pm_5D
0.7608109285817446,6.3535769730932814e-09,2.4864401556831e-09,2017-09-12,9.042261585504637e-142,1.7005681676022316e-203,0.02783255239758,0.10939129102649399,2.0,pm_22D
0.24425540727960862,0.04841966857970971,0.05988744896980744,2017-09-13,0.4491891883218664,0.5625483589740616,0.09950714335232193,0.07180307068691087,2.0,pm_1D
0.6276164926458596,0.6258076000490931,0.6587176137622015,2017-09-13,5.990448646869318e-150,0.9185716078270534,1.6954503272245585e-150,0.11411359596616014,2.0,pm_5D
0.06984324756892997,3.1566744287445896e-06,4.6649477954226236e-06,2017-09-13,8.763929577093569e-145,4.325668468692467e-218,3.6803508137998373e-05,0.5792151182612995,2.0,pm_22D
0.6298672927354033,0.15152622842280256,0.1232666934895897,2017-09-14,0.0017436839389012816,0.32647557346780465,0.02383150153425499,0.870386881921754,2.0,pm_1D
0.7397888120691468,0.7517199121356268,0.7007008439434961,2017-09-14,4.125334380357462e-142,0.0005242154236390639,2.2574365805869774e-148,0.005211579876445837,2.0,pm_5D
0.006160988489393904,3.514431588916331e-14,4.3702418952015376e-14,2017-09-14,2.053113216497342e-136,2.4837285608390253e-222,0.6897768818276933,0.5935829725071766,2.0,pm_22D
0.16116703019821366,0.9113850932241342,0.7589763457408898,2017-09-15,0.0012364131279261018,0.15280856700227663,0.0004851002185376825,0.00013051456150901605,2.0,pm_1D
0.8427909594525117,0.00046966779337411434,0.00024474577561751654,2017-09-15,8.000269077591339e-203,0.0003443988877781974,1.1975520086283633e-200,0.03516809116588531,2.0,pm_5D
6.01369964651861e-07,1.08690415944039e-13,8.524081383841242e-13,2017-09-15,3.4988331648127443e-199,8.404592359245009e-294,0.0007683340801055221,0.051284378948954566,2.0,pm_22D
0.007173355135375952,0.005562191394776659,0.011064303314443403,2017-09-18,3.0123751039357145e-06,0.012957698784064848,0.0014141395171202134,0.9635741450795048,2.0,pm_1D
0.5509801120136626,0.015566178306243857,0.013688956608381011,2017-09-18,8.498586363978957e-187,0.002793102989274931,1.2913581612955258e-169,0.16151438831007925,2.0,pm_5D
0.10493593615437277,0.010715479726243992,0.0038598952412205075,2017-09-18,8.998982126612257e-213,1.6506169387988717e-286,5.455147078600965e-07,0.2233256140375377,2.0,pm_22D
0.4263013606537055,0.02544490891817652,0.027663793054030193,2017-09-19,0.00015957542162039917,0.20483002057301372,0.09091610537085922,0.0005371691528840112,2.0,pm_1D
0.8445272476154047,0.08626536924461402,0.08203488826032501,2017-09-19,9.704426866011684e-219,0.0185462879547215,1.925990667322825e-175,3.576458205817511e-07,2.0,pm_5D
0.5754347080638185,3.420470211859894e-08,1.4078338504860008e-08,2017-09-19,5.523868112658451e-222,1.6315302642641344e-290,6.588151757239799e-07,0.001042050084840404,2.0,pm_22D
0.1295071674992678,0.16187401826286507,0.22691715865382006,2017-09-20,0.4602270233714052,0.9975867591659143,0.3569774063578077,0.4226517136547806,2.0,pm_1D
0.7403916444360017,0.00674048815808999,0.005216219172145745,2017-09-20,3.5686197091113895e-181,0.10912048253624136,7.544386991693999e-146,0.0035320823164722882,2.0,pm_5D
0.005703358957829288,4.413520811542013e-14,6.749332431915423e-14,2017-09-20,6.597832106119445e-183,1.6512721172086434e-261,0.0007619106202722313,0.022729365241033354,2.0,pm_22D
0.03426784230426628,0.26553486652314784,0.39434198275210297,2017-09-21,0.19395312061702377,0.3419842551291701,0.8289724862973816,0.032447064253719564,2.0,pm_1D
0.142791295508668,0.0004564255952519571,0.0005729968843938006,2017-09-21,3.3286054912415176e-184,0.0137127959867025,2.071342649911383e-149,0.10196400028809628,2.0,pm_5D
0.8240028354787744,1.5792879882502547e-08,3.0697522692495955e-09,2017-09-21,4.364589740917987e-171,4.1673202159317e-310,0.0652712668400356,2.4524860403597013e-05,2.0,pm_22D
0.32719583052425893,0.009662174941731605,0.010078004989071496,2017-09-22,0.0023649514907159493,0.0021347884923258063,0.051385708427249696,0.006034875099655199,2.0,pm_1D
0.01324264254835013,5.127826820517356e-07,9.892604574355852e-07,2017-09-22,1.6854413994045975e-171,0.0007191619434287518,4.276294106356054e-143,0.0002913021471196072,2.0,pm_5D
0.3383063353076218,0.0012185281207993553,0.001238352307755573,2017-09-22,2.8537222798333473e-149,1.2570308601164403e-278,0.0182993765773209,0.033060330942227246,2.0,pm_22D
